,0,1,accuracy,macro avg,weighted avg
precision,0.8286995515695067,0.6267123287671232,0.7867803837953091,0.727705940168315,0.7750085627080345
recall,0.8944820909970959,0.4893048128342246,0.7867803837953091,0.6918934519156602,0.7867803837953091
f1-score,0.8603351955307262,0.5495495495495496,0.7867803837953091,0.7049423725401379,0.7777240856537113
support,1033.0,374.0,0.7867803837953091,1407.0,1407.0
